create database Hospital;
show databases;
use Hospital;
create table Bill(BillID int primary key, TotalCost DECIMAL(10, 2) not null);
insert into Bill values(101, 1038.45);
insert into Bill values(102, 5386.66);
insert into Bill values(103, 500.50);
insert into Bill values(104, 800.99);
insert into Bill values(105, 10437.00);
insert into Bill values(106, 2763.79);
insert into Bill values(107, 2465.35);
insert into Bill values(108, 237600.38);
insert into Bill values(109, 7083.19);
insert into Bill values(110, 3700.00);
select * from Bill;

create table Patient( PatientID int primary key, FirstName varchar(20) not null, LastName varchar(20) not null, 
PhoneNumberTXT varchar(15) not null, Dateofbirth date not null, Gender varchar(15) not null, email varchar(30) not null, 
MedicalHistory varchar(50) null, BillID int, foreign key (BillID) references Bill(BillID));
insert into Patient values(1, "Jacob", "Black", (948)-874-9804, "1962-11-09", "Male", "jacobblack@gmail.com", "Diabetes", 101); 
insert into Patient values(2, "Isabella", "Johnson", (287)-874-8749, "1985-08-01", "Female", "bellajohnson@gmail.com", "Anemia", 102); 
insert into Patient values(3, "Edward", "Cullen", (653)-675-9824, "1982-11-07", "Male", "edwardcullen@gmail.com", "Arthritis", 103); 
insert into Patient values(4, "Harvey ", "Specter", (736)-894-9824, "2004-01-02", "Male", "harveyspecter@gmail.com", "", 104); 
insert into Patient values(5, "Rachel ", "Zane", (673)-988-7839, "1996-05-06", "Female", "rachzane@gmail.com", "Asthama", 105); 
insert into Patient values(6, "Jessica ", "Pearson", (764)-657-8767, "1989-07-14", "Female", "jpearson@gmail.com", " ", 106); 
insert into Patient values(7, "Peter", "Kavinsky", (873)-899-3702, "1995-12-17", "Male", "peterk@gmail.com", "high blood pressure", 107); 
insert into Patient values(8, "Jerry ", "Johnson", (429)-802-2792, "2002-06-10", "Male", "johnsonjerry@gmail.com", "Chronic Pain", 108); 
insert into Patient values(9, "Eliza", "Taylor", (289)-808-8078, "1975-02-02", "Female", "elizataylor@gmail.com", "depression", 109); 
insert into Patient values(10, "Jane", " Walter ", (681)-792-8781, "2011-03-06", "Female", "janewalter@gmail.com", "gynecological Disorder", 110); 
select * from patient;

Create table Nurse(NurseID varchar(4) primary key, FirstName varchar(10) not null, LastName varchar(15) not null);
insert into Nurse values("N1", "Steve", "Carell");
insert into Nurse values("N2", "Jonathan", "Sidwell");
insert into Nurse values("N3", "Ray", "Benghazi");
insert into Nurse values("N4", "Candice", "King");
insert into Nurse values("N5", "Penny", "Badgley");
insert into Nurse values("N6", "Blair", "Blair");
insert into Nurse values("N7", "Nancy", "Miller");
insert into Nurse values("N8", "Kate", "Berry");
insert into Nurse values("N9", "Rory", "Tanner");
insert into Nurse values("N10", "Robin", "Henson");
select * from Nurse;

create table PatientNurse(PatientID int not null, foreign key(PatientID) references Patient(PatientID), NurseID varchar(4) not null, foreign key(NurseID) references Nurse(NurseID));
insert into PatientNurse values(1, "N3");
insert into PatientNurse values(1, "N2");
insert into PatientNurse values(2, "N1");
insert into PatientNurse values(2, "N4");
insert into PatientNurse values(3, "N5");
insert into PatientNurse values(4, "N6");
insert into PatientNurse values(5, "N5");
insert into PatientNurse values(6, "N8");
insert into PatientNurse values(6, "N9");
insert into PatientNurse values(7, "N2");
insert into PatientNurse values(8, "N4");
insert into PatientNurse values(8, "N10");
insert into PatientNurse values(9, "N1");
insert into PatientNurse values(10, "N7");
insert into PatientNurse values(10, "N3");
select * from PatientNurse;

create table Doctor(DoctorID varchar(4) primary key, FirstName varchar(10) not null, LastName varchar(15), Designation varchar(25));
insert into Doctor values("D1","James", "Brown", "MS.Orthopedic");
insert into Doctor values("D2","Maria", "Stinson", "MS.Gynacologist");
insert into Doctor values("D3","Jamie ", "Anderson", "MD.Cardiothoracic");
insert into Doctor values("D4","Anna ", "Wilson", "MD.Gynacologist");
insert into Doctor values("D5","Jennifer", "Davis", "MS.Neurologist");
insert into Doctor values("D6","Lily ", "Jackson ", "MS.ENT");
insert into Doctor values("D7","Mike", "Ross ", "MD.Neurologist");
insert into Doctor values("D8","Taylor", "Kelly", "MS.Ophthalmic");
insert into Doctor values("D9","Barbara", "Patson", "MS.Neurologist");
insert into Doctor values("D10","Oscar", "Stanley", "MS.Orthopedic");
insert into Doctor values("D11","Frankie ", "Heck", "MS.Cardiothoracic");
insert into Doctor values("D12","Ben ", "Nicholas", "MBBS");
select * from Doctor;

Create table Surgery(SurgeryID varchar(4)Primary key,Surgery varchar(50) NOT NULL);
insert into Surgery values("S1","Neurosurgery");
insert into Surgery values("S2","OrthopedicSurgery");
insert into Surgery values("S3","GynecologicalSurgery");
insert into Surgery values("S4","CarthothoracicSurgery");
insert into  Surgery values("S5","ENTSurgery");
insert into  Surgery values("S6","OphthalmicSurgery");
select * from Surgery;

Create table Department(DeptId varchar(4) primary key,Name varchar(50) NOT NULL);
insert into Department values("D001","Neurology");
insert into Department values("D002","Orthopedics");
insert into Department values("D003","Gynecology");
insert into Department values("D004","Cardiology");
insert into Department values("D005","ENT");
insert into Department values("D006","Ophthalmology");
insert into Department values("D007","General");
select * from Department;

create table DoctorPatient(PatientID int not null, foreign key(PatientID) references Patient(PatientID), DoctorID varchar(4) not null, foreign key(DoctorID) references Doctor(DoctorID));
insert into DoctorPatient values(1,"D5");
insert into DoctorPatient values(1,"D7");
insert into DoctorPatient values(2,"D5");
insert into DoctorPatient values(2,"D10");
insert into DoctorPatient values(3,"D11");
insert into DoctorPatient values(4,"D6");
insert into DoctorPatient values(5,"D11");
insert into DoctorPatient values(6,"D9");
insert into DoctorPatient values(6,"D12");
insert into DoctorPatient values(7,"D11");
insert into DoctorPatient values(8,"D8");
insert into DoctorPatient values(8,"D4");
insert into DoctorPatient values(9,"D3");
insert into DoctorPatient values(10,"D2");
insert into DoctorPatient values(10,"D12");
select * from DoctorPatient;

create table DoctorSurgery(DoctorId varchar(4) not null, foreign key(DoctorId) references Doctor(DoctorID),SurgeryId varchar(4) NULL,foreign key(SurgeryId) references Surgery(SurgeryID));
insert into DoctorSurgery values("D1","S2");
insert into DoctorSurgery values("D2","S3");
insert into DoctorSurgery values("D3",NULL);
insert into DoctorSurgery values("D4",NULL);
insert into DoctorSurgery values("D5","S1");
insert into DoctorSurgery values("D6","S5");
insert into DoctorSurgery values("D7",NULL);
insert into DoctorSurgery values("D8","S6");
insert into DoctorSurgery values("D9","S1");
insert into DoctorSurgery values("D10",NULL);
insert into DoctorSurgery values("D11","S4");
insert into DoctorSurgery values("D12","S3");
select * from DoctorSurgery;

Create table DoctorDepartment(DoctorId varchar(4) not null, foreign key(DoctorId) references Doctor(DoctorID),DeptId varchar(4) not null,foreign key(DeptId) references Department(DeptId));
insert into DoctorDepartment values("D1","D002");
insert into DoctorDepartment values("D2","D002");
insert into DoctorDepartment values("D3","D004");
insert into DoctorDepartment values("D4","D003");
insert into DoctorDepartment values("D5","D001");
insert into DoctorDepartment values("D6","D005");
insert into DoctorDepartment values("D7","D001");
insert into DoctorDepartment values("D8","D006");
insert into DoctorDepartment values("D9","D001");
insert into DoctorDepartment values("D10","D002");
insert into DoctorDepartment values("D11","D004");
insert into DoctorDepartment values("D12","D007");
select * from DoctorDepartment;

create table PatientSurgery(PatientID int not null, foreign key(PatientID) references Patient(PatientID),SurgeryId varchar(4) NULL,foreign key(SurgeryId) references Surgery(SurgeryID));
insert into PatientSurgery values (1,"S1"); 
insert into PatientSurgery values (2,"S1"); 
insert into PatientSurgery values (2,"S2"); 
insert into PatientSurgery values (3,"S4"); 
insert into PatientSurgery values (4,"S5"); 
insert into PatientSurgery values (5,"S4"); 
insert into PatientSurgery values (6,"S1"); 
insert into PatientSurgery values (7,"S4");
insert into PatientSurgery values (8,"S6"); 
insert into PatientSurgery values (9,NULL);
insert into PatientSurgery values (10,"S3");   
select * from PatientSurgery;